Timestamp,File,Original_Bytes,Zlib_Compressed_Bytes,Zlib_Ratio,Neural_Compressed_Bytes,Neural_Ratio,Neural_Time_MS
2026-07-19 13:33:34,README.md,4754,2194,2.1668,2256,2.1073,4.0855
2026-07-19 13:33:34,LICENSE,6866,2760,2.4877,3038,2.26,2.2671
2026-07-19 13:33:34,requirements.txt,86,83,1.0361,45,1.9111,0.0346
2026-07-19 13:40:03,README.md,4754,2194,2.1668,2256,2.1073,1.7085
2026-07-19 13:40:03,LICENSE,6866,2760,2.4877,3038,2.26,1.3707
2026-07-19 13:40:03,requirements.txt,86,83,1.0361,45,1.9111,0.0341
2026-07-19 13:45:05,README.md,4754,2194,2.1668,2256,2.1073,3.7465
2026-07-19 13:45:05,LICENSE,6866,2760,2.4877,3038,2.26,5.4195
2026-07-19 13:45:05,requirements.txt,86,83,1.0361,45,1.9111,0.0348
2026-07-19 13:47:54,README.md,4754,2194,2.1668,2256,2.1073,1.9681
2026-07-19 13:47:54,LICENSE,6866,2760,2.4877,3038,2.26,2.5187
2026-07-19 13:47:54,requirements.txt,86,83,1.0361,45,1.9111,0.0403
2026-07-19 13:55:08,README.md,4754,2194,2.1668,2256,2.1073,1.8764
2026-07-19 13:55:08,LICENSE,6866,2760,2.4877,3038,2.26,2.8241
2026-07-19 13:55:08,requirements.txt,86,83,1.0361,45,1.9111,0.0346
2026-07-19 13:57:45,genomic,expanded_data_sequence_8.txt,5000000,1022.9133,1.2041,3.2776,1454.8321
2026-07-19 13:57:46,genomic,expanded_data_sequence_9.txt,5000000,1022.9133,1.2041,2.9526,1614.9902
2026-07-19 13:57:47,genomic,sequence_file_2.fasta,266224,64.2743,1.2104,2.7693,91.6815
2026-07-19 13:57:47,genomic,sequence_file_1.fasta,267774,56.2905,1.2041,3.5029,72.902
2026-07-19 13:57:48,genomic,expanded_data_sequence_13.txt,5000000,1022.9133,1.2041,3.2439,1469.9419
2026-07-19 13:57:50,genomic,expanded_data_sequence_10.txt,5000000,1022.9133,1.2041,3.2951,1447.1226
2026-07-19 13:57:51,genomic,expanded_data_sequence_15.txt,5000000,1022.9133,1.2041,3.2691,1458.6222
2026-07-19 13:57:53,genomic,expanded_data_sequence_4.txt,5000000,1022.9133,1.2041,3.3621,1418.2775
2026-07-19 13:57:54,genomic,expanded_data_sequence_17.txt,5000000,1022.9133,1.2041,3.2343,1474.3001
2026-07-19 13:57:56,genomic,expanded_data_sequence_12.txt,5000000,1022.9133,1.2041,3.3295,1432.1632
2026-07-19 13:57:57,genomic,expanded_data_sequence_14.txt,5000000,1022.9133,1.2041,3.2637,1461.0257
2026-07-19 13:57:58,genomic,expanded_data_sequence_6.txt,5000000,1022.9133,1.2041,3.3787,1411.3243
2026-07-19 13:58:00,genomic,expanded_data_sequence_19.txt,5000000,1022.9133,1.2041,3.3968,1403.79
2026-07-19 13:58:01,genomic,expanded_data_sequence_7.txt,5000000,1022.9133,1.2041,3.3398,1427.7561
2026-07-19 13:58:03,genomic,expanded_data_sequence_16.txt,5000000,1022.9133,1.2041,3.3918,1405.8473
2026-07-19 13:58:04,genomic,expanded_data_sequence_5.txt,5000000,1022.9133,1.2041,3.1955,1492.2359
2026-07-19 13:58:06,genomic,expanded_data_sequence_18.txt,5000000,1022.9133,1.2041,3.2748,1456.0761
2026-07-19 13:58:07,genomic,expanded_data_sequence_20.txt,5000000,1022.9133,1.2041,3.3767,1412.1482
2026-07-19 13:58:09,genomic,expanded_data_sequence_11.txt,5000000,1022.9133,1.2041,3.3352,1429.719
2026-07-19 13:58:09,genomic,sequence_file_3.fasta,262214,265.6677,1.2041,3.5477,70.4865
2026-07-19 13:58:10,csv,expanded_data_sequence_2.txt,5000000,1022.9133,1.2041,3.2923,1448.323
2026-07-19 13:58:12,csv,expanded_data_sequence_8.txt,5000000,1022.9133,1.2041,3.2033,1488.5902
2026-07-19 13:58:13,csv,expanded_data_sequence_9.txt,5000000,1022.9133,1.2041,3.2745,1456.2128
2026-07-19 13:58:15,csv,expanded_data_sequence_1.txt,5000000,1022.9133,1.2041,3.2622,1461.7054
2026-07-19 13:58:16,csv,expanded_data_sequence_13.txt,5000000,1022.9133,1.2041,3.2814,1453.1569
2026-07-19 13:58:18,csv,expanded_data_sequence_3.txt,5000000,1022.9133,1.2041,3.2724,1457.1443
2026-07-19 13:58:19,csv,expanded_data_sequence_10.txt,5000000,1022.9133,1.2041,3.166,1506.11
2026-07-19 13:58:21,csv,expanded_data_sequence_15.txt,5000000,1022.9133,1.2041,3.4294,1390.4567
2026-07-19 13:58:22,csv,expanded_data_sequence_4.txt,5000000,1022.9133,1.2041,3.3269,1433.265
2026-07-19 13:58:24,csv,expanded_data_sequence_17.txt,5000000,1022.9133,1.2041,3.2854,1451.3726
2026-07-19 13:58:25,csv,expanded_data_sequence_12.txt,5000000,1022.9133,1.2041,3.2822,1452.8031
2026-07-19 13:58:27,csv,expanded_data_sequence_14.txt,5000000,1022.9133,1.2041,3.178,1500.4385
2026-07-19 13:58:28,csv,expanded_data_sequence_6.txt,5000000,1022.9133,1.2041,3.2761,1455.5221
2026-07-19 13:58:30,csv,expanded_data_sequence_19.txt,5000000,1022.9133,1.2041,3.2314,1475.6446
2026-07-19 13:58:31,csv,expanded_data_sequence_7.txt,5000000,1022.9133,1.2041,3.165,1506.6161
2026-07-19 13:58:33,csv,expanded_data_sequence_16.txt,5000000,1022.9133,1.2041,3.3503,1423.2864
2026-07-19 13:58:34,csv,expanded_data_sequence_5.txt,5000000,1022.9133,1.2041,3.1984,1490.8848
2026-07-19 13:58:35,csv,expanded_data_sequence_18.txt,5000000,1022.9133,1.2041,3.3213,1435.6775
2026-07-19 13:58:37,csv,expanded_data_sequence_20.txt,5000000,1022.9133,1.2041,3.3499,1423.4383
2026-07-19 13:58:38,csv,expanded_data_sequence_11.txt,5000000,1022.9133,1.2041,3.2143,1483.4902
2026-07-19 13:58:40,sensor,expanded_data_sequence_2.txt,5000000,1022.9133,1.2041,3.3021,1444.0496
2026-07-19 13:58:41,sensor,expanded_data_sequence_8.txt,5000000,1022.9133,1.2041,3.262,1461.7908
2026-07-19 13:58:43,sensor,expanded_data_sequence_9.txt,5000000,1022.9133,1.2041,3.3364,1429.178
2026-07-19 13:58:44,sensor,expanded_data_sequence_1.txt,5000000,1022.9133,1.2041,3.334,1430.2344
2026-07-19 13:58:46,sensor,expanded_data_sequence_13.txt,5000000,1022.9133,1.2041,3.2693,1458.5257
2026-07-19 13:58:47,sensor,expanded_data_sequence_3.txt,5000000,1022.9133,1.2041,3.2917,1448.622
2026-07-19 13:58:49,sensor,expanded_data_sequence_10.txt,5000000,1022.9133,1.2041,3.1768,1500.9935
2026-07-19 13:58:50,sensor,expanded_data_sequence_15.txt,5000000,1022.9133,1.2041,3.2891,1449.7414
2026-07-19 13:58:52,sensor,expanded_data_sequence_4.txt,5000000,1022.9133,1.2041,3.2895,1449.5604
2026-07-19 13:58:53,sensor,expanded_data_sequence_17.txt,5000000,1022.9133,1.2041,3.349,1423.81
2026-07-19 13:58:55,sensor,expanded_data_sequence_12.txt,5000000,1022.9133,1.2041,3.3386,1428.2539
2026-07-19 13:58:56,sensor,expanded_data_sequence_14.txt,5000000,1022.9133,1.2041,3.1109,1532.8095
2026-07-19 13:58:58,sensor,expanded_data_sequence_6.txt,5000000,1022.9133,1.2041,3.2022,1489.0957
2026-07-19 13:58:59,sensor,expanded_data_sequence_19.txt,5000000,1022.9133,1.2041,3.1515,1513.0389
2026-07-19 13:59:01,sensor,expanded_data_sequence_7.txt,5000000,1022.9133,1.2041,3.4057,1400.0969
2026-07-19 13:59:02,sensor,expanded_data_sequence_16.txt,5000000,1022.9133,1.2041,3.3588,1419.6796
2026-07-19 13:59:04,sensor,expanded_data_sequence_5.txt,5000000,1022.9133,1.2041,3.2478,1468.1799
2026-07-19 13:59:05,sensor,expanded_data_sequence_18.txt,5000000,1022.9133,1.2041,3.3469,1424.7096
2026-07-19 13:59:07,sensor,expanded_data_sequence_20.txt,5000000,1022.9133,1.2041,3.3084,1441.303
2026-07-19 13:59:08,sensor,expanded_data_sequence_11.txt,5000000,1022.9133,1.2041,3.3601,1419.1024
2026-07-19 13:59:09,json,expanded_data_sequence_2.txt,5000000,1022.9133,1.2041,3.3255,1433.8806
2026-07-19 13:59:11,json,expanded_data_sequence_8.txt,5000000,1022.9133,1.2041,3.2718,1457.3941
2026-07-19 13:59:12,json,expanded_data_sequence_9.txt,5000000,1022.9133,1.2041,3.2711,1457.7091
2026-07-19 13:59:14,json,expanded_data_sequence_1.txt,5000000,1022.9133,1.2041,3.3129,1439.321
2026-07-19 13:59:15,json,expanded_data_sequence_13.txt,5000000,1022.9133,1.2041,3.2144,1483.4566
2026-07-19 13:59:17,json,expanded_data_sequence_3.txt,5000000,1022.9133,1.2041,3.3207,1435.9744
2026-07-19 13:59:18,json,expanded_data_sequence_10.txt,5000000,1022.9133,1.2041,3.3291,1432.3459
2026-07-19 13:59:20,json,expanded_data_sequence_15.txt,5000000,1022.9133,1.2041,3.3439,1425.982
2026-07-19 13:59:21,json,expanded_data_sequence_4.txt,5000000,1022.9133,1.2041,3.2505,1466.9652
2026-07-19 13:59:23,json,expanded_data_sequence_17.txt,5000000,1022.9133,1.2041,3.3673,1416.0812
2026-07-19 13:59:24,json,expanded_data_sequence_12.txt,5000000,1022.9133,1.2041,3.0548,1560.9326
2026-07-19 13:59:26,json,expanded_data_sequence_14.txt,5000000,1022.9133,1.2041,3.2101,1485.4407
2026-07-19 13:59:27,json,expanded_data_sequence_6.txt,5000000,1022.9133,1.2041,3.3869,1407.8698
2026-07-19 13:59:29,json,expanded_data_sequence_19.txt,5000000,1022.9133,1.2041,3.2398,1471.8232
2026-07-19 13:59:30,json,expanded_data_sequence_7.txt,5000000,1022.9133,1.2041,3.2363,1473.4123
2026-07-19 13:59:32,json,expanded_data_sequence_16.txt,5000000,1022.9133,1.2041,3.3519,1422.581
2026-07-19 13:59:33,json,expanded_data_sequence_5.txt,5000000,1022.9133,1.2041,3.1143,1531.1003
2026-07-19 13:59:35,json,expanded_data_sequence_18.txt,5000000,1022.9133,1.2041,3.1812,1498.9216
2026-07-19 13:59:36,json,expanded_data_sequence_20.txt,5000000,1022.9133,1.2041,3.2857,1451.2312
2026-07-19 13:59:38,json,expanded_data_sequence_11.txt,5000000,1022.9133,1.2041,3.4122,1397.4457
2026-07-19 14:07:07,genomic,expanded_data_sequence_8.txt,5000000,1022.9133,1.2041,3.3665,1416.4283
2026-07-19 14:07:09,genomic,expanded_data_sequence_9.txt,5000000,1022.9133,1.2041,2.9856,1597.1341
2026-07-19 14:07:09,genomic,sequence_file_2.fasta,266224,64.2743,1.2104,2.4369,104.1853
2026-07-19 14:07:09,genomic,sequence_file_1.fasta,267774,56.2905,1.2041,3.1115,82.0725
2026-07-19 14:07:11,genomic,expanded_data_sequence_13.txt,5000000,1022.9133,1.2041,3.4872,1367.3854
2026-07-19 14:07:12,genomic,expanded_data_sequence_10.txt,5000000,1022.9133,1.2041,3.1845,1497.3793
2026-07-19 14:07:14,genomic,expanded_data_sequence_15.txt,5000000,1022.9133,1.2041,3.2161,1482.6405
2026-07-19 14:07:15,genomic,expanded_data_sequence_4.txt,5000000,1022.9133,1.2041,3.2982,1445.7543
2026-07-19 14:07:17,genomic,expanded_data_sequence_17.txt,5000000,1022.9133,1.2041,3.2744,1456.26
2026-07-19 14:07:18,genomic,expanded_data_sequence_12.txt,5000000,1022.9133,1.2041,3.2348,1474.088
2026-07-19 14:07:19,genomic,expanded_data_sequence_14.txt,5000000,1022.9133,1.2041,3.4273,1391.3019
2026-07-19 14:07:21,genomic,expanded_data_sequence_6.txt,5000000,1022.9133,1.2041,3.2719,1457.3541
2026-07-19 14:07:23,genomic,expanded_data_sequence_19.txt,5000000,1022.9133,1.2041,2.7088,1760.3519
2026-07-19 14:07:24,genomic,expanded_data_sequence_7.txt,5000000,1022.9133,1.2041,2.8076,1698.3831
2026-07-19 14:07:26,genomic,expanded_data_sequence_16.txt,5000000,1022.9133,1.2041,3.0648,1555.8507
2026-07-19 14:07:27,genomic,expanded_data_sequence_5.txt,5000000,1022.9133,1.2041,3.2922,1448.4019
2026-07-19 14:07:29,genomic,expanded_data_sequence_18.txt,5000000,1022.9133,1.2041,3.2161,1482.6343
2026-07-19 14:07:31,genomic,expanded_data_sequence_20.txt,5000000,1022.9133,1.2041,3.1688,1504.7808
2026-07-19 14:07:32,genomic,expanded_data_sequence_11.txt,5000000,1022.9133,1.2041,3.3884,1407.2721
2026-07-19 14:07:32,genomic,sequence_file_3.fasta,262214,265.6677,1.2041,3.3925,73.7119
2026-07-19 14:07:33,csv,expanded_data_sequence_2.txt,5000000,1022.9133,1.2041,3.2889,1449.8539
2026-07-19 14:07:35,csv,expanded_data_sequence_8.txt,5000000,1022.9133,1.2041,3.0859,1545.2323
2026-07-19 14:07:37,csv,expanded_data_sequence_9.txt,5000000,1022.9133,1.2041,3.109,1533.7479
2026-07-19 14:07:38,csv,expanded_data_sequence_1.txt,5000000,1022.9133,1.2041,3.183,1498.065
2026-07-19 14:07:40,csv,expanded_data_sequence_13.txt,5000000,1022.9133,1.2041,3.5056,1360.2209
2026-07-19 14:07:41,csv,expanded_data_sequence_3.txt,5000000,1022.9133,1.2041,2.8786,1656.5106
2026-07-19 14:07:43,csv,expanded_data_sequence_10.txt,5000000,1022.9133,1.2041,3.365,1417.0415
2026-07-19 14:07:44,csv,expanded_data_sequence_15.txt,5000000,1022.9133,1.2041,3.2922,1448.4031
2026-07-19 14:07:46,csv,expanded_data_sequence_4.txt,5000000,1022.9133,1.2041,3.0687,1553.8859
2026-07-19 14:07:47,csv,expanded_data_sequence_17.txt,5000000,1022.9133,1.2041,3.0363,1570.4405
2026-07-19 14:07:49,csv,expanded_data_sequence_12.txt,5000000,1022.9133,1.2041,3.4037,1400.9407
2026-07-19 14:07:50,csv,expanded_data_sequence_14.txt,5000000,1022.9133,1.2041,3.181,1499.0101
2026-07-19 14:07:52,csv,expanded_data_sequence_6.txt,5000000,1022.9133,1.2041,3.3559,1420.8834
2026-07-19 14:07:53,csv,expanded_data_sequence_19.txt,5000000,1022.9133,1.2041,3.1702,1504.1318
2026-07-19 14:07:55,csv,expanded_data_sequence_7.txt,5000000,1022.9133,1.2041,3.3179,1437.1743
2026-07-19 14:07:56,csv,expanded_data_sequence_16.txt,5000000,1022.9133,1.2041,3.2917,1448.5929
2026-07-19 14:07:58,csv,expanded_data_sequence_5.txt,5000000,1022.9133,1.2041,3.0994,1538.4648
2026-07-19 14:07:59,csv,expanded_data_sequence_18.txt,5000000,1022.9133,1.2041,3.3749,1412.8983
2026-07-19 14:08:01,csv,expanded_data_sequence_20.txt,5000000,1022.9133,1.2041,3.1633,1507.3853
2026-07-19 14:08:02,csv,expanded_data_sequence_11.txt,5000000,1022.9133,1.2041,3.2905,1449.146
2026-07-19 14:08:04,sensor,expanded_data_sequence_2.txt,5000000,1022.9133,1.2041,3.3527,1422.2388
2026-07-19 14:08:05,sensor,expanded_data_sequence_8.txt,5000000,1022.9133,1.2041,3.1246,1526.0749
2026-07-19 14:08:07,sensor,expanded_data_sequence_9.txt,5000000,1022.9133,1.2041,3.169,1504.7095
2026-07-19 14:08:08,sensor,expanded_data_sequence_1.txt,5000000,1022.9133,1.2041,3.101,1537.698
2026-07-19 14:08:10,sensor,expanded_data_sequence_13.txt,5000000,1022.9133,1.2041,2.9592,1611.3648
2026-07-19 14:08:12,sensor,expanded_data_sequence_3.txt,5000000,1022.9133,1.2041,2.4376,1956.1489
2026-07-19 14:08:14,sensor,expanded_data_sequence_10.txt,5000000,1022.9133,1.2041,2.8886,1650.7521
2026-07-19 14:08:15,sensor,expanded_data_sequence_15.txt,5000000,1022.9133,1.2041,2.8625,1665.8061
2026-07-19 14:08:17,sensor,expanded_data_sequence_4.txt,5000000,1022.9133,1.2041,3.0336,1571.8482
2026-07-19 14:08:18,sensor,expanded_data_sequence_17.txt,5000000,1022.9133,1.2041,3.2697,1458.3621
2026-07-19 14:08:20,sensor,expanded_data_sequence_12.txt,5000000,1022.9133,1.2041,2.9149,1635.8597
2026-07-19 14:08:22,sensor,expanded_data_sequence_14.txt,5000000,1022.9133,1.2041,2.3406,2037.2324
2026-07-19 14:08:24,sensor,expanded_data_sequence_6.txt,5000000,1022.9133,1.2041,2.39,1995.1034
2026-07-19 14:08:26,sensor,expanded_data_sequence_19.txt,5000000,1022.9133,1.2041,3.2774,1454.9086
2026-07-19 14:08:27,sensor,expanded_data_sequence_7.txt,5000000,1022.9133,1.2041,3.4008,1402.1204
2026-07-19 14:08:29,sensor,expanded_data_sequence_16.txt,5000000,1022.9133,1.2041,3.1909,1494.3697
2026-07-19 14:08:30,sensor,expanded_data_sequence_5.txt,5000000,1022.9133,1.2041,3.4794,1370.4391
2026-07-19 14:08:31,sensor,expanded_data_sequence_18.txt,5000000,1022.9133,1.2041,3.1386,1519.2893
2026-07-19 14:08:33,sensor,expanded_data_sequence_20.txt,5000000,1022.9133,1.2041,3.3918,1405.8645
2026-07-19 14:08:34,sensor,expanded_data_sequence_11.txt,5000000,1022.9133,1.2041,3.3456,1425.2572
2026-07-19 14:08:36,json,expanded_data_sequence_2.txt,5000000,1022.9133,1.2041,3.3294,1432.2174
2026-07-19 14:08:37,json,expanded_data_sequence_8.txt,5000000,1022.9133,1.2041,3.0962,1540.0841
2026-07-19 14:08:39,json,expanded_data_sequence_9.txt,5000000,1022.9133,1.2041,3.2389,1472.2178
2026-07-19 14:08:40,json,expanded_data_sequence_1.txt,5000000,1022.9133,1.2041,3.3821,1409.873
2026-07-19 14:08:42,json,expanded_data_sequence_13.txt,5000000,1022.9133,1.2041,2.9551,1613.6262
2026-07-19 14:08:43,json,expanded_data_sequence_3.txt,5000000,1022.9133,1.2041,3.1388,1519.1567
2026-07-19 14:08:45,json,expanded_data_sequence_10.txt,5000000,1022.9133,1.2041,3.0602,1558.1715
2026-07-19 14:08:47,json,expanded_data_sequence_15.txt,5000000,1022.9133,1.2041,2.4546,1942.6525
2026-07-19 14:08:49,json,expanded_data_sequence_4.txt,5000000,1022.9133,1.2041,3.168,1505.1711
2026-07-19 14:08:50,json,expanded_data_sequence_17.txt,5000000,1022.9133,1.2041,3.3306,1431.7029
2026-07-19 14:08:51,json,expanded_data_sequence_12.txt,5000000,1022.9133,1.2041,3.4607,1377.8512
2026-07-19 14:08:53,json,expanded_data_sequence_14.txt,5000000,1022.9133,1.2041,3.4977,1363.2705
2026-07-19 14:08:54,json,expanded_data_sequence_6.txt,5000000,1022.9133,1.2041,3.0057,1586.4484
2026-07-19 14:08:56,json,expanded_data_sequence_19.txt,5000000,1022.9133,1.2041,3.4163,1395.7725
2026-07-19 14:08:57,json,expanded_data_sequence_7.txt,5000000,1022.9133,1.2041,3.2395,1471.9424
2026-07-19 14:08:59,json,expanded_data_sequence_16.txt,5000000,1022.9133,1.2041,3.3389,1428.1282
2026-07-19 14:09:00,json,expanded_data_sequence_5.txt,5000000,1022.9133,1.2041,3.0167,1580.6603
2026-07-19 14:09:02,json,expanded_data_sequence_18.txt,5000000,1022.9133,1.2041,3.2958,1446.8005
2026-07-19 14:09:03,json,expanded_data_sequence_20.txt,5000000,1022.9133,1.2041,3.6163,1318.5866
2026-07-19 14:09:05,json,expanded_data_sequence_11.txt,5000000,1022.9133,1.2041,3.537,1348.1574
2026-07-19 14:14:09,genomic,expanded_data_sequence_8.txt,5000000,1022.9133,1.2041,3.232,1475.3513
2026-07-19 14:14:10,genomic,expanded_data_sequence_9.txt,5000000,1022.9133,1.2041,3.4017,1401.7644
2026-07-19 14:14:10,genomic,sequence_file_2.fasta,266224,64.2743,1.2104,2.1765,116.6499
2026-07-19 14:14:10,genomic,sequence_file_1.fasta,267774,56.2905,1.2041,3.542,72.0968
2026-07-19 14:14:12,genomic,expanded_data_sequence_13.txt,5000000,1022.9133,1.2041,3.3153,1438.3037
2026-07-19 14:14:13,genomic,expanded_data_sequence_10.txt,5000000,1022.9133,1.2041,3.4001,1402.4122
2026-07-19 14:14:15,genomic,expanded_data_sequence_15.txt,5000000,1022.9133,1.2041,3.0705,1552.9637
2026-07-19 14:14:16,genomic,expanded_data_sequence_4.txt,5000000,1022.9133,1.2041,3.356,1420.8465
2026-07-19 14:14:18,genomic,expanded_data_sequence_17.txt,5000000,1022.9133,1.2041,3.0905,1542.9292
2026-07-19 14:14:19,genomic,expanded_data_sequence_12.txt,5000000,1022.9133,1.2041,3.2032,1488.6248
2026-07-19 14:14:21,genomic,expanded_data_sequence_14.txt,5000000,1022.9133,1.2041,3.411,1397.9242
2026-07-19 14:14:22,genomic,expanded_data_sequence_6.txt,5000000,1022.9133,1.2041,3.2528,1465.924
2026-07-19 14:14:24,genomic,expanded_data_sequence_19.txt,5000000,1022.9133,1.2041,3.4302,1390.0986
2026-07-19 14:14:25,genomic,expanded_data_sequence_7.txt,5000000,1022.9133,1.2041,3.0938,1541.2564
2026-07-19 14:14:27,genomic,expanded_data_sequence_16.txt,5000000,1022.9133,1.2041,3.3699,1414.9969
2026-07-19 14:14:28,genomic,expanded_data_sequence_5.txt,5000000,1022.9133,1.2041,3.2453,1469.3282
2026-07-19 14:14:30,genomic,expanded_data_sequence_18.txt,5000000,1022.9133,1.2041,3.3041,1443.1515
2026-07-19 14:14:31,genomic,expanded_data_sequence_20.txt,5000000,1022.9133,1.2041,3.3244,1434.3684
2026-07-19 14:14:33,genomic,expanded_data_sequence_11.txt,5000000,1022.9133,1.2041,3.2546,1465.1172
2026-07-19 14:14:33,genomic,sequence_file_3.fasta,262214,265.6677,1.2041,3.76,66.5064
2026-07-19 14:14:34,csv,expanded_data_sequence_2.txt,5000000,1022.9133,1.2041,3.1517,1512.929
2026-07-19 14:14:36,csv,expanded_data_sequence_8.txt,5000000,1022.9133,1.2041,3.0999,1538.2502
2026-07-19 14:14:38,csv,expanded_data_sequence_9.txt,5000000,1022.9133,1.2041,2.9029,1642.6167
2026-07-19 14:14:39,csv,expanded_data_sequence_1.txt,5000000,1022.9133,1.2041,2.9911,1594.1613
2026-07-19 14:14:41,csv,expanded_data_sequence_13.txt,5000000,1022.9133,1.2041,3.3454,1425.3311
2026-07-19 14:14:42,csv,expanded_data_sequence_3.txt,5000000,1022.9133,1.2041,3.192,1493.8393
2026-07-19 14:14:44,csv,expanded_data_sequence_10.txt,5000000,1022.9133,1.2041,3.2691,1458.6072
2026-07-19 14:14:45,csv,expanded_data_sequence_15.txt,5000000,1022.9133,1.2041,3.3993,1402.7696
2026-07-19 14:14:47,csv,expanded_data_sequence_4.txt,5000000,1022.9133,1.2041,3.3481,1424.1974
2026-07-19 14:14:48,csv,expanded_data_sequence_17.txt,5000000,1022.9133,1.2041,3.3994,1402.7131
2026-07-19 14:14:50,csv,expanded_data_sequence_12.txt,5000000,1022.9133,1.2041,2.9476,1617.7113
2026-07-19 14:14:51,csv,expanded_data_sequence_14.txt,5000000,1022.9133,1.2041,3.4834,1368.8903
2026-07-19 14:14:52,csv,expanded_data_sequence_6.txt,5000000,1022.9133,1.2041,3.5077,1359.3845
2026-07-19 14:14:54,csv,expanded_data_sequence_19.txt,5000000,1022.9133,1.2041,3.5786,1332.4575
2026-07-19 14:14:55,csv,expanded_data_sequence_7.txt,5000000,1022.9133,1.2041,3.4528,1381.0251
2026-07-19 14:14:56,csv,expanded_data_sequence_16.txt,5000000,1022.9133,1.2041,3.5808,1331.6369
2026-07-19 14:14:58,csv,expanded_data_sequence_5.txt,5000000,1022.9133,1.2041,3.2319,1475.3857
2026-07-19 14:14:59,csv,expanded_data_sequence_18.txt,5000000,1022.9133,1.2041,3.5258,1352.412
2026-07-19 14:15:01,csv,expanded_data_sequence_20.txt,5000000,1022.9133,1.2041,3.5675,1336.6215
2026-07-19 14:15:02,csv,expanded_data_sequence_11.txt,5000000,1022.9133,1.2041,3.5511,1342.8044
2026-07-19 14:15:03,sensor,expanded_data_sequence_2.txt,5000000,1022.9133,1.2041,3.5499,1343.2541
2026-07-19 14:15:05,sensor,expanded_data_sequence_8.txt,5000000,1022.9133,1.2041,3.5005,1362.1807
2026-07-19 14:15:06,sensor,expanded_data_sequence_9.txt,5000000,1022.9133,1.2041,3.4223,1393.3399
2026-07-19 14:15:08,sensor,expanded_data_sequence_1.txt,5000000,1022.9133,1.2041,3.5108,1358.2182
2026-07-19 14:15:09,sensor,expanded_data_sequence_13.txt,5000000,1022.9133,1.2041,3.4393,1386.4481
2026-07-19 14:15:10,sensor,expanded_data_sequence_3.txt,5000000,1022.9133,1.2041,3.4828,1369.103
2026-07-19 14:15:12,sensor,expanded_data_sequence_10.txt,5000000,1022.9133,1.2041,3.4892,1366.6074
2026-07-19 14:15:13,sensor,expanded_data_sequence_15.txt,5000000,1022.9133,1.2041,3.6017,1323.94
2026-07-19 14:15:15,sensor,expanded_data_sequence_4.txt,5000000,1022.9133,1.2041,3.4052,1400.3305
2026-07-19 14:15:16,sensor,expanded_data_sequence_17.txt,5000000,1022.9133,1.2041,3.4763,1371.6938
2026-07-19 14:15:17,sensor,expanded_data_sequence_12.txt,5000000,1022.9133,1.2041,3.3793,1411.057
2026-07-19 14:15:19,sensor,expanded_data_sequence_14.txt,5000000,1022.9133,1.2041,3.5408,1346.7071
2026-07-19 14:15:20,sensor,expanded_data_sequence_6.txt,5000000,1022.9133,1.2041,3.6356,1311.5802
2026-07-19 14:15:21,sensor,expanded_data_sequence_19.txt,5000000,1022.9133,1.2041,3.6141,1319.3896
2026-07-19 14:15:23,sensor,expanded_data_sequence_7.txt,5000000,1022.9133,1.2041,3.3675,1415.9873
2026-07-19 14:15:24,sensor,expanded_data_sequence_16.txt,5000000,1022.9133,1.2041,3.4935,1364.9166
2026-07-19 14:15:26,sensor,expanded_data_sequence_5.txt,5000000,1022.9133,1.2041,3.5506,1342.9854
2026-07-19 14:15:27,sensor,expanded_data_sequence_18.txt,5000000,1022.9133,1.2041,3.3666,1416.3918
2026-07-19 14:15:28,sensor,expanded_data_sequence_20.txt,5000000,1022.9133,1.2041,3.5485,1343.7645
2026-07-19 14:15:30,sensor,expanded_data_sequence_11.txt,5000000,1022.9133,1.2041,3.5345,1349.0901
2026-07-19 14:15:31,json,expanded_data_sequence_2.txt,5000000,1022.9133,1.2041,3.4384,1386.8067
2026-07-19 14:15:33,json,expanded_data_sequence_8.txt,5000000,1022.9133,1.2041,3.5367,1348.2404
2026-07-19 14:15:34,json,expanded_data_sequence_9.txt,5000000,1022.9133,1.2041,3.6384,1310.5731
2026-07-19 14:15:35,json,expanded_data_sequence_1.txt,5000000,1022.9133,1.2041,3.3635,1417.69
2026-07-19 14:15:37,json,expanded_data_sequence_13.txt,5000000,1022.9133,1.2041,3.5367,1348.2413
2026-07-19 14:15:38,json,expanded_data_sequence_3.txt,5000000,1022.9133,1.2041,3.5108,1358.1893
2026-07-19 14:15:40,json,expanded_data_sequence_10.txt,5000000,1022.9133,1.2041,3.5514,1342.6833
2026-07-19 14:15:41,json,expanded_data_sequence_15.txt,5000000,1022.9133,1.2041,3.507,1359.6616
2026-07-19 14:15:42,json,expanded_data_sequence_4.txt,5000000,1022.9133,1.2041,3.4832,1368.9718
2026-07-19 14:15:44,json,expanded_data_sequence_17.txt,5000000,1022.9133,1.2041,3.4065,1399.7941
2026-07-19 14:15:45,json,expanded_data_sequence_12.txt,5000000,1022.9133,1.2041,3.3588,1419.6827
2026-07-19 14:15:47,json,expanded_data_sequence_14.txt,5000000,1022.9133,1.2041,3.5783,1332.5782
2026-07-19 14:15:48,json,expanded_data_sequence_6.txt,5000000,1022.9133,1.2041,3.5438,1345.5391
2026-07-19 14:15:49,json,expanded_data_sequence_19.txt,5000000,1022.9133,1.2041,3.4788,1370.6782
2026-07-19 14:15:51,json,expanded_data_sequence_7.txt,5000000,1022.9133,1.2041,3.3656,1416.8127
2026-07-19 14:15:52,json,expanded_data_sequence_16.txt,5000000,1022.9133,1.2041,3.4627,1377.0683
2026-07-19 14:15:54,json,expanded_data_sequence_5.txt,5000000,1022.9133,1.2041,3.5607,1339.1836
2026-07-19 14:15:55,json,expanded_data_sequence_18.txt,5000000,1022.9133,1.2041,3.5746,1333.9744
2026-07-19 14:15:56,json,expanded_data_sequence_20.txt,5000000,1022.9133,1.2041,3.5674,1336.6344
2026-07-19 14:15:58,json,expanded_data_sequence_11.txt,5000000,1022.9133,1.2041,3.6034,1323.3101
2026-07-19 14:21:03,genomic,expanded_data_sequence_8.txt,5000000,1022.9133,1.2041,3.0744,1551.0039
2026-07-19 14:21:04,genomic,expanded_data_sequence_9.txt,5000000,1022.9133,1.2041,3.2846,1451.7226
2026-07-19 14:21:04,genomic,sequence_file_2.fasta,266224,64.2743,1.2104,1.9836,127.9931
2026-07-19 14:21:04,genomic,sequence_file_1.fasta,267774,56.2905,1.2041,3.8049,67.1153
2026-07-19 14:21:06,genomic,expanded_data_sequence_13.txt,5000000,1022.9133,1.2041,3.2597,1462.8098
2026-07-19 14:21:07,genomic,expanded_data_sequence_10.txt,5000000,1022.9133,1.2041,3.2204,1480.68
2026-07-19 14:21:09,genomic,expanded_data_sequence_15.txt,5000000,1022.9133,1.2041,3.1238,1526.474
2026-07-19 14:21:10,genomic,expanded_data_sequence_4.txt,5000000,1022.9133,1.2041,3.2363,1473.4178
2026-07-19 14:21:12,genomic,expanded_data_sequence_17.txt,5000000,1022.9133,1.2041,3.2025,1488.9681
2026-07-19 14:21:13,genomic,expanded_data_sequence_12.txt,5000000,1022.9133,1.2041,3.2983,1445.7049
2026-07-19 14:21:15,genomic,expanded_data_sequence_14.txt,5000000,1022.9133,1.2041,3.2775,1454.8736
2026-07-19 14:21:16,genomic,expanded_data_sequence_6.txt,5000000,1022.9133,1.2041,3.0998,1538.3034
2026-07-19 14:21:18,genomic,expanded_data_sequence_19.txt,5000000,1022.9133,1.2041,3.1689,1504.7302
2026-07-19 14:21:19,genomic,expanded_data_sequence_7.txt,5000000,1022.9133,1.2041,3.0375,1569.8121
2026-07-19 14:21:21,genomic,expanded_data_sequence_16.txt,5000000,1022.9133,1.2041,3.1524,1512.619
2026-07-19 14:21:22,genomic,expanded_data_sequence_5.txt,5000000,1022.9133,1.2041,3.2722,1457.2213
2026-07-19 14:21:24,genomic,expanded_data_sequence_18.txt,5000000,1022.9133,1.2041,3.1982,1490.9704
2026-07-19 14:21:26,genomic,expanded_data_sequence_20.txt,5000000,1022.9133,1.2041,2.9153,1635.643
2026-07-19 14:21:27,genomic,expanded_data_sequence_11.txt,5000000,1022.9133,1.2041,3.1414,1517.9327
2026-07-19 14:21:27,genomic,sequence_file_3.fasta,262214,265.6677,1.2041,3.6051,69.3655
2026-07-19 14:21:29,csv,expanded_data_sequence_2.txt,5000000,1022.9133,1.2041,3.1127,1531.9209
2026-07-19 14:21:30,csv,expanded_data_sequence_8.txt,5000000,1022.9133,1.2041,3.3045,1443.007
2026-07-19 14:21:32,csv,expanded_data_sequence_9.txt,5000000,1022.9133,1.2041,3.2356,1473.7084
2026-07-19 14:21:33,csv,expanded_data_sequence_1.txt,5000000,1022.9133,1.2041,3.2648,1460.5451
2026-07-19 14:21:35,csv,expanded_data_sequence_13.txt,5000000,1022.9133,1.2041,2.9692,1605.9468
2026-07-19 14:21:37,csv,expanded_data_sequence_3.txt,5000000,1022.9133,1.2041,3.0735,1551.4522
2026-07-19 14:21:38,csv,expanded_data_sequence_10.txt,5000000,1022.9133,1.2041,3.4045,1400.6143
2026-07-19 14:21:39,csv,expanded_data_sequence_15.txt,5000000,1022.9133,1.2041,3.2784,1454.4959
2026-07-19 14:21:41,csv,expanded_data_sequence_4.txt,5000000,1022.9133,1.2041,3.3432,1426.307
2026-07-19 14:21:42,csv,expanded_data_sequence_17.txt,5000000,1022.9133,1.2041,3.0206,1578.5959
2026-07-19 14:21:44,csv,expanded_data_sequence_12.txt,5000000,1022.9133,1.2041,3.199,1490.602
2026-07-19 14:21:46,csv,expanded_data_sequence_14.txt,5000000,1022.9133,1.2041,3.1318,1522.5816
2026-07-19 14:21:47,csv,expanded_data_sequence_6.txt,5000000,1022.9133,1.2041,3.3647,1417.1891
2026-07-19 14:21:48,csv,expanded_data_sequence_19.txt,5000000,1022.9133,1.2041,3.243,1470.3376
2026-07-19 14:21:50,csv,expanded_data_sequence_7.txt,5000000,1022.9133,1.2041,3.2873,1450.5286
2026-07-19 14:21:52,csv,expanded_data_sequence_16.txt,5000000,1022.9133,1.2041,3.1095,1533.5054
2026-07-19 14:21:53,csv,expanded_data_sequence_5.txt,5000000,1022.9133,1.2041,3.3222,1435.3094
2026-07-19 14:21:54,csv,expanded_data_sequence_18.txt,5000000,1022.9133,1.2041,3.3296,1432.1144
2026-07-19 14:21:56,csv,expanded_data_sequence_20.txt,5000000,1022.9133,1.2041,3.2371,1473.0217
2026-07-19 14:21:57,csv,expanded_data_sequence_11.txt,5000000,1022.9133,1.2041,3.2141,1483.5587
2026-07-19 14:21:59,sensor,expanded_data_sequence_2.txt,5000000,1022.9133,1.2041,3.21,1485.4813
2026-07-19 14:22:00,sensor,expanded_data_sequence_8.txt,5000000,1022.9133,1.2041,3.3134,1439.1208
2026-07-19 14:22:02,sensor,expanded_data_sequence_9.txt,5000000,1022.9133,1.2041,3.0324,1572.4645
2026-07-19 14:22:04,sensor,expanded_data_sequence_1.txt,5000000,1022.9133,1.2041,3.2453,1469.2993
2026-07-19 14:22:05,sensor,expanded_data_sequence_13.txt,5000000,1022.9133,1.2041,3.0569,1559.8867
2026-07-19 14:22:07,sensor,expanded_data_sequence_3.txt,5000000,1022.9133,1.2041,3.267,1459.5668
2026-07-19 14:22:08,sensor,expanded_data_sequence_10.txt,5000000,1022.9133,1.2041,3.1938,1493.0003
2026-07-19 14:22:10,sensor,expanded_data_sequence_15.txt,5000000,1022.9133,1.2041,3.3752,1412.7543
2026-07-19 14:22:11,sensor,expanded_data_sequence_4.txt,5000000,1022.9133,1.2041,3.0843,1545.9943
2026-07-19 14:22:13,sensor,expanded_data_sequence_17.txt,5000000,1022.9133,1.2041,3.2245,1478.7805
2026-07-19 14:22:14,sensor,expanded_data_sequence_12.txt,5000000,1022.9133,1.2041,3.2207,1480.5415
2026-07-19 14:22:16,sensor,expanded_data_sequence_14.txt,5000000,1022.9133,1.2041,3.1781,1500.375
2026-07-19 14:22:17,sensor,expanded_data_sequence_6.txt,5000000,1022.9133,1.2041,3.2327,1475.054
2026-07-19 14:22:19,sensor,expanded_data_sequence_19.txt,5000000,1022.9133,1.2041,3.2263,1477.948
2026-07-19 14:22:20,sensor,expanded_data_sequence_7.txt,5000000,1022.9133,1.2041,3.2515,1466.5031
2026-07-19 14:22:22,sensor,expanded_data_sequence_16.txt,5000000,1022.9133,1.2041,3.1609,1508.5399
2026-07-19 14:22:23,sensor,expanded_data_sequence_5.txt,5000000,1022.9133,1.2041,3.1144,1531.081
2026-07-19 14:22:25,sensor,expanded_data_sequence_18.txt,5000000,1022.9133,1.2041,3.0125,1582.8855
2026-07-19 14:22:26,sensor,expanded_data_sequence_20.txt,5000000,1022.9133,1.2041,3.1754,1501.6794
2026-07-19 14:22:28,sensor,expanded_data_sequence_11.txt,5000000,1022.9133,1.2041,3.0205,1578.6614
2026-07-19 14:22:30,json,expanded_data_sequence_2.txt,5000000,1022.9133,1.2041,3.1271,1524.833
2026-07-19 14:22:31,json,expanded_data_sequence_8.txt,5000000,1022.9133,1.2041,3.2851,1451.5195
2026-07-19 14:22:32,json,expanded_data_sequence_9.txt,5000000,1022.9133,1.2041,3.2853,1451.4422
2026-07-19 14:22:34,json,expanded_data_sequence_1.txt,5000000,1022.9133,1.2041,3.2124,1484.3743
2026-07-19 14:22:35,json,expanded_data_sequence_13.txt,5000000,1022.9133,1.2041,3.1742,1502.2244
2026-07-19 14:22:37,json,expanded_data_sequence_3.txt,5000000,1022.9133,1.2041,3.0965,1539.9463
2026-07-19 14:22:39,json,expanded_data_sequence_10.txt,5000000,1022.9133,1.2041,3.2086,1486.1045
2026-07-19 14:22:40,json,expanded_data_sequence_15.txt,5000000,1022.9133,1.2041,3.3392,1428.0117
2026-07-19 14:22:41,json,expanded_data_sequence_4.txt,5000000,1022.9133,1.2041,3.2999,1444.9859
2026-07-19 14:22:43,json,expanded_data_sequence_17.txt,5000000,1022.9133,1.2041,3.1841,1497.5729
2026-07-19 14:22:44,json,expanded_data_sequence_12.txt,5000000,1022.9133,1.2041,3.2767,1455.2193
2026-07-19 14:22:46,json,expanded_data_sequence_14.txt,5000000,1022.9133,1.2041,3.0861,1545.1255
2026-07-19 14:22:48,json,expanded_data_sequence_6.txt,5000000,1022.9133,1.2041,3.179,1499.9683
2026-07-19 14:22:49,json,expanded_data_sequence_19.txt,5000000,1022.9133,1.2041,3.0125,1582.8769
2026-07-19 14:22:51,json,expanded_data_sequence_7.txt,5000000,1022.9133,1.2041,3.1955,1492.2333
2026-07-19 14:22:52,json,expanded_data_sequence_16.txt,5000000,1022.9133,1.2041,3.3004,1444.8025
2026-07-19 14:22:54,json,expanded_data_sequence_5.txt,5000000,1022.9133,1.2041,3.1492,1514.1709
2026-07-19 14:22:55,json,expanded_data_sequence_18.txt,5000000,1022.9133,1.2041,3.2847,1451.6897
2026-07-19 14:22:57,json,expanded_data_sequence_20.txt,5000000,1022.9133,1.2041,3.1522,1512.7103
2026-07-19 14:22:58,json,expanded_data_sequence_11.txt,5000000,1022.9133,1.2041,3.0981,1539.1359
